Empresa,Index
COMERCIALIZADORA SPC,
BACHOCO (14),1
PAPEL Y EMPAQUES GONDI,2
CICSA (54),3
DON JING TECHWIN,4
INTERGER,5
MAS BODEGA,6
BUSSINES NEXT LEVEL,7
BEBIDAS PURIFICADAS PEPSI,8
BOEASANA,10
ASYMEX MONTERREY,11
OMNIBUS DE MEXICO,12
AUTO EXPRESS VILLAGON,13
GRUPO SECURITAS,14
QUIMICOS Y PAPELES DEL NORTE (55),15
DENSO,16
FLETES 4003,17
QUALITA ALIMENTOS PLANTA APODACA,18
PICSA DE MEXICO,19
STAR JUICE,20
GARZA ELIZONDO COMPAÑÍA,21
JOB SOLUTIONS,22
BEST WORK FORCE SOLUTIONS,23
PODIESA,24
CIESA,25
ASPCIADOS HR CONSULTING,26
SKX,27
MARROKING,28
TOSTADAS DELICIAS,29
DONGWON MEXICO,30
ORGANIZACIÓN INTEGRAL DE ALARMAS,31
FRANCISCO RAMIREZ HERNANDEZ,32
KLEIN TOOLS,33
GREENPAPER,34
NIDEC,35
CEVA LOGISTICS,36
YAZAKI DIVICIONES,37
SUPER CLEAN,38
HBE VALLE ALTO,39
CAPA SERVICIOS DE RH INTEGRALES,40
MEGNA MIRROR,41
JUYOUNG MANUFACTURING MEXICO,42
APERH,43
ALLIED UNIVERSAL,44
MANPOWER GROUP,45
SMART,46
PROMMONT,47
BASTEL SEGURIDAD PRIVADA,48
CELESTICA DE MEXICO,49
RANDSTAD (MONDELEZ),50
EMPAQUES RIO GRANDE,51
BOTANAS Y DERIVADOS (ENCANTO),52
LEADEC MEXICO,53
CPN SEGURIDAD PRIVADA,54
ADECCO (MERCADO LIBRE),55
DCH,56
NEW JOBS,57
CEMMMEX,58
TAEHWA DE MEXICO,59
MAHMA SERVICIOS ESPECIALIZADOS,61
MONDELEZ INTERNACIONAL,62
POLLOS LA CABAÑA,63
MICRO,64
WTSCO,65
SEGURITAS,66
API SEGURIDAD,67
SIMMA,68
ACS INTERNACIONAL,69
TORTIREGIO,70
EMPACADORA RAMOS,71
CARICERIA RAMOS,72
REGIO PITSA,73
CIASA CONTRACORS,74
CHURCH CHICKEN,75
SEOHAN AUTO MEICO,76
ADVERTISING AND PROMOTION,77
DIVISAS SAN JORGE,78
PROLEC,79
RIDDELL,81
TUBACERO,82
BIG COLA,83
EARLSA,84
GENESIS PARRILLAS,85
MAS FOOD SERVICE,87
INDUSTRIAS VERMONT,88
SOGEFI,89
BOKADOS,90
WALMART,91
SAMS CLUB,92
YOMP,93
EFFORM,94
AMPHENOL ADRONICS,95
HOTEL MONTERREY,96
GOLDEN,97
SPPEL,98
GRUPO ABX,99
HEBEL,100
GEEA,101
BORA SANA SERVICES,102
HAENGSUNGE,103
MRY,104
YU CASA MAS,105
BODEGA AURRERA EXPRESS,106
SENDA CITI,107
FARMACIAS GUADALAGARA,108
SEVEN,109
DIEGZA CALIDAD EN LIMPIEZA,110
VIHER SEGURIDAD PRIVADA,111
AUTO ZOONE,112
CSI INDUSTRIAL,113
UNPACO,114
YOUNG SHIN,116
NATURGY,117
LIVERPOOL,118
CEMEX,120
LONGSTON COMPANIES DE MEXICO,121
YOUNCHANG,123
ALYGER,125
SEOYON C-HWA,127
LINKING CORP,128
GARZA ELIZONDO,129
MECANICA TEK,132
MEGA CABLE,133
CASCO,135
TRANSPAIS,137
DENES,144
TLE,146
QUALTIA ALIMENTOS,148
MODULAR VANITY,151
WTS,154
RADIA SERVICIOS GLOBALES,158
CELESTICA,160
AMI ENERGY,162
SUPERMERCADOS SMART,165
IZZI TELECOM,167
FEMSA PROXMIDS,172
RECLUTECK,174
TRSPORTES ARIOS,176
ESTAMPADOS MONTERREY,178
ENVASES UNIVERSALES,180
GUTNER,182
ARMA,183
SUMERCA,185
RANDSTAD MEXICO,187
EL OFERTON DE CANTU,189
GAS SAGA,191
STH RECLUTAMIENTO,193
WOOSUNG POWER TEC,195
CARRIER,196
MODULAR,203
AMPHEHOL,204
BROMAKE,205
GEPP PEPSI,207
HIM PEOPLE,209
MR Y ASOCIADOS,212
ARAMARK DE MEXICO,214
GRUPO STAR,216
LANGSTON,219
PASTO LA ESCONDIDA,221
MAGNA ELECTRONICS,223
GRUPO ABX STEEL SOLUTIONS,224
OBJETIVO HUMANO,226
EQUIPO AUTOMOTRIZ,227
ADT,228
VAZMOR SEGURIDAD,230
HEB,231
MNA,233
HYDRI EQUIPOS Y SIST DE AGUA,235
SIDRON,237
LGMG DE MEXICO,239
SEMINARIO DE MONTERREY,241
ECONOCLIMAS,243
WINSTON DATA,245
WESTROK,247
SOLSI,250
PAPELES Y COMVERCIONES,251
BUSSINESVLEXT LEVEL,253
DAR COMPANY,255
CEDIS SMART,257
HYUNDEI MOBIS,262
DONGWON MEX,263
YASAQUI CABLES,269
PORCELANA CORONA,272
VIXO MEDIA,276
ADL,279
TANQUES Y DICEÑOS,281
B HERMANOS,283
PICSA DE MEX,288
LGMG DE MEX,295
CADREX,299
WOLVERINE,301
GRUPO ASOCIADOS,304
SEGURIDAD IND CANTUTTI,306
DBG TREEWARK,307
TYG TREEWARK,309
METODE TREEWARK,310
ENERSYS TREEWARK,311
CAMER TREEWARK,312
CYVSA MANTENIMIENTO,313
ACUITY BRANDS,314
CONSTRURAMA BLANQUITA,315
GONGAR,317
HEB URO,319
TRASPORTES TLE,321
TRANSFORMACION CARNCA,323
MUEBLERIAS VILLARIAL,325
TRASPORTES PEÑON BLANCO,329
ESTAMPER,331
PLASTIC INGENUITY DE MEX,333
NIDAC KINATAK,335
GRUPO LAZCANO,336
MISSION,338
PRODYNAMICS,339
LEADEC,341
ACUMULADORES OMEGA,342
SPC SEGURIDAD,346
FEMSA PROXIMIDADY Y LOGISTICA,347
SVA PCM,349
SVA REGIO PYTSA,350
PAPELES Y COMVERCIONES DE MX,355
HUMAN RESQURCE,360
ROTOPLAS,362
BOSTIK,363
DSBJ MEXICO,364
CONCORD PACKAGING,365
CEDIS DEL SOL,370
COCA COLA,372
GRINGER,377
YASAKI,380
HOLTMONT SERVICES,382
GUPO MARTINEZ,386
TENACITY,388
TAEHWA MEXICO,394
CHEONG WOON,398
NIPPON SERKI DE MEXICO,403
BART ACUITY BRANT,405
BART SMUIFIT KAPPA,406
RENTAL DEPOT,408
GENTE EN LINIA,410
GRUPO LOZCAR,412
PLASKOLITE,414
TIENDAS SORIANA,418
MONDELEZ,420
SORIANA MERCADO JUAREZ,421
PEPSI,425
OBEN GROUP,428
NORTH POLE STAR,430
MITSUBA,431
CLEBER,432
PAYMENT SERVICES,434
GRUPO ASES,438
DONGIJN TECMAAN,440
HAENG SUNG,445
SVA,448
MERCADO LIVRE,453
EVI SOLUTION,461
SIGMA ALIMENTOS,468
HUMAN RESOVICE,469
RANDSTAD,470
TRUXTON,472
PAPEL Y EMPAQUE,474
LGMG,476
ONEAL STEEL DE MEX,478
SOLUCIONES EN REC,481
BYDSA,487
TENACITY CAP HUM,489
SENDA,491
MEGA,496
GRAFTECH,498
SKY,500
DHL,502
TPA EVENTOS,504
PRODIESA ESPEJOS,505
METALSA,506
NIPPON SEIKI,508
JEA,509
KLEIN TODS,510
GRUPO SENDA,514
CONSORCIO IND CADE,517
NISSAN,520
TAMALES NORA,523
GRUPO CUPRUM,525
PLASTIC INGENUITY,527
ADECCO,529
MAN POWER,532
MEDESA,536
DITRIBUDORA SUMERCA,537
KOLER,540
AUTO ZONE CEDIS,543
D GAMEZ,550
CAPA EMERSON,552
CAPA AUTOTAH,553
CORPORACION TG,555
ACTIVE CLEAN,558
WHIRPOOL,561
PROLIN,565
IQEST,568
SUNGWOO HITECH,572
FOXCEL TELCEL,574
ABB,580
VASSTER,583
KONECT,585
YASAKI CAVLES 2,586
LIVERPOOL CEDIS,587
DESARROLLO LOCSA,589
PCM,591
PROLAMSA,595
ELECTRICA AUTOMOTIZ OMEGA,597
PERZA PCM,599
PERZA SEMEX,600
PERAZ ILPEA,601
PERAZ JOYSON,602
GARZA PONCE,603
GRUPO PRODENSA,610
APTIV,612
VELADORAS LUZ DE FE,613
TRASPORTES ESPECIALIZADOZ,615
GUNTHNER DE MEXICO,625
SORIANA RODRIGUEZ,628
SERV PROF CRUZ,630
HEB TEC,631
PANASONIC,635
LAERDAL MEDICAL,639
JABIL MONTERREY,641
BODEGA AURRERA EXPRESS SUR,646
MNA DE MEXICO,649
RECLUTA MEXICO KOLER,651
RECLUTA MEXICO MAGNA,652
RECLUTA MEXICO ALP LIGHTING,653
OMEGA,654
VIDUSA,659
ABTUBE,662
GRUPO ALYBER,667
INSERT,669
MANPOWER GREEN PAPER,671
MANPOWER CARGILL,672
MANPOWER EVERTIS,673
LIBERTY LOGISTICA,674
TECMA KG,676
DAR COMMPANY POLARIS,677
DAR COMPANY SCHNEIDER,678
DAR COMPANY RAGASA,679
BIG COLA ALEMEX,680
TOPPERWARE,689
SUMERCA CEDIS,690
AMERIFAB CIOSA,705
TAMALES SALINAS,706
BERLIX,708
KOHLER SANIMEX,712
CARNES UNO,713
HYUNDAI WIA,717
MERCO,725
PCM PAPELERA,726
SAM´S,728
GP VIVIENDA,730
OXXO,732
SHOWER,733
FARID,736
AAMSA,737
SU CABRITO,739
SIDOR,740
MOBIL ORSAN,741
RAC,745
CANTUTTI SEGURIDAD,747
ONEAL STEEL,753
PASA,760
PERZA,762
JOYSON SAFETY,765
RECLUTA MEXICO,770
MR. ASOCIADOS,771
WTS Co. SA de CV.,773
COMECIAL TREVIÑO,776
YOUNGSHIN INDUSTRY,777
DOÑA TOTA,778
OPTICA FRANKLIN,780
BOXES,782
SVA CAPITAL,786
MADERAS JUAREZ,787
SEVEN ELEVEN,788
GRUPO CASCO,790
ALIMENTOS SAN AGUSTIN,791
CAMARA NACIONAL DE COMERCIO,794
FAVILA GRUP,795
SUMITOMO,798
TUPPER WARE,799
OXXO GAS,800
MAESE INGENIERIA,801